"page","itemText","itemName","timestamp"
"/bpla/","Дрон на оптоволокні","БПЛА ДОКТОР ВАТСОН 10.1","2026-09-21T22:16:47.550Z"
"/bpla/","Дрон на оптоволокні","БпЛА ХОРТ 15 оптоволокно 30 км нічний","2026-09-21T22:16:47.556Z"
"/bpla/","Дрон на оптоволокні","БпЛА ХОРТ 15 оптоволокно 25 км нічний","2026-09-21T22:16:47.556Z"
"/bpla/","Дрон на оптоволокні","БпЛА ХОРТ 15 оптоволокно 20 км нічний","2026-09-21T22:16:47.556Z"
"/bpla/","Дрон на оптоволокні","БпЛА ХОРТ 15 оптоволокно 30 км денний","2026-09-21T22:16:47.556Z"
"/bpla/","Дрон на оптоволокні","БпЛА ХОРТ 15"" оптоволокно 25 км денний","2026-09-21T22:16:47.556Z"
"/bpla/","Дрон на оптоволокні","БпЛА ХОРТ 15 оптоволокно 20 км денний","2026-09-21T22:16:47.556Z"
"/bpla/","Дрон на оптоволокні","БпЛА МАРА 10 оптоволокно 20 км нічний","2026-09-21T22:16:47.556Z"
"/bpla/","Дрон на оптоволокні","БпЛА МАРА 10 оптоволокно 15 км нічний","2026-09-21T22:16:47.556Z"
"/bpla/","Дрон на оптоволокні","БпЛА МАРА 10 оптоволокно 10 км нічний","2026-09-21T22:16:47.556Z"
"/bpla/","Дрон на оптоволокні","БпЛА МАРА 10 оптоволокно 20 км денний","2026-09-21T22:16:47.556Z"
"/bpla/","Дрон на оптоволокні","БпЛА МАРА 10"" оптоволокно 15 км денний","2026-09-21T22:16:47.556Z"
"/bpla/","Дрон на оптоволокні","БпЛА МАРА 10"" оптоволокно 10 км денний","2026-09-21T22:16:47.556Z"
"/bpla/","Дрон на оптоволокні","БпЛА SKY OPTO 15.20","2026-09-21T22:16:47.556Z"
"/bpla/","Дрон на оптоволокні","БпЛА JET-13-FO (для денного використання з оптоволоконним кабелем 25 км)","2026-09-21T22:16:47.556Z"
"/bpla/","Дрон на оптоволокні","БпЛА JET-13-FO (для нічного використання з оптоволоконним кабелем 25 км)","2026-09-21T22:16:47.556Z"
"/bpla/","Дрон на оптоволокні","БПАК ""JET-13-FO"" (БпЛА для денного використання - 50 од. з оптоволоконним кабелем 25 км)","2026-09-21T22:16:47.556Z"
"/bpla/","Дрон на оптоволокні","БпЛА «VORTEX» 10/20км","2026-09-21T22:16:47.556Z"
"/bpla/","Дрон на оптоволокні","БпАК «TURA FPV DRON 11D digital Manta»","2026-09-21T22:16:47.556Z"
"/bpla/","Дрон на оптоволокні","TURA FPV Dron 11DB digital Manta 20 біспектральна цифрова камера","2026-09-21T22:16:47.556Z"
"/bpla/","Дрон на оптоволокні","TURA FPV Dron 11D digital Manta 20 денна цифрова камера","2026-09-21T22:16:47.556Z"
"/bpla/","Дрон на оптоволокні","FPV-Дрон EVA 15 OF 30км нічний","2026-09-21T22:16:47.556Z"
"/bpla/","Дрон на оптоволокні","FPV-Дрон EVA 15 OF 30 км","2026-09-21T22:16:47.556Z"
"/bpla/","Дрон на оптоволокні","БпАК “VOHNYK OPTIC 15/25” (Комплект з 50 БпЛА)","2026-09-21T22:16:47.556Z"
"/bpla/","Дрон на оптоволокні","БпАК “VOHNYK OPTIC 15/25” (Комплект з 25 БпЛА)","2026-09-21T22:16:47.556Z"
"/bpla/","Дрон на оптоволокні","Комплекс безпілотний авіаційний «STAR OF REVENGE 15 Optic 35km»","2026-09-21T22:16:47.556Z"
"/bpla/","Дрон на оптоволокні","Комплекс безпілотний авіаційний «STAR OF REVENGE 15 Optic 30km»","2026-09-21T22:16:47.556Z"
"/bpla/","Дрон на оптоволокні","БпЛА ""VOHNYK OPTIC 15/25""","2026-09-21T22:16:47.556Z"
"/bpla/","Дрон на оптоволокні","БПЛА DERUN 1330NO (ніч,котушка 20км)","2026-09-21T22:16:47.556Z"
"/bpla/","Дрон на оптоволокні","БПЛА DERUN 1330NO (ніч,котушка 25км)","2026-09-21T22:16:47.556Z"
"/bpla/","Дрон на оптоволокні","БПЛА DERUN 1330O (день, котушка 20км)","2026-09-21T22:16:47.556Z"
"/bpla/","Дрон на оптоволокні","БПЛА DERUN 1330O (день,котушка 25км)","2026-09-21T22:16:47.556Z"
"/bpla/","Дрон на оптоволокні","Комплекс безпілотний авіаційний «STAR OF REVENGE 15 Optic 25km»","2026-09-21T22:16:47.556Z"
"/bpla/","Дрон на оптоволокні","Безпілотний літальний апарат «STAR OF REVENGE 15 Optic Thermal 35km» (тепловізійна камера розподільною здатністю 640*512)","2026-09-21T22:16:47.556Z"
"/bpla/","Дрон на оптоволокні","Безпілотний літальний апарат «STAR OF REVENGE 15 Optic Thermal 30km» (тепловізійна камера розподільною здатністю 640*512)","2026-09-21T22:16:47.556Z"
"/bpla/","Дрон на оптоволокні","Безпілотний літальний апарат «STAR OF REVENGE 15 Optic Thermal 25km» (тепловізійна камера розподільною здатністю 640*512)","2026-09-21T22:16:47.556Z"
"/bpla/","Дрон на оптоволокні","Безпілотний літальний апарат «STAR OF REVENGE 15 Optic 35km»","2026-09-21T22:16:47.556Z"
"/bpla/","Дрон на оптоволокні","Безпілотний літальний апарат «STAR OF REVENGE 15 Optic 30km»","2026-09-21T22:16:47.556Z"
"/bpla/","Дрон на оптоволокні","Безпілотний літальний апарат «STAR OF REVENGE 15 Optic 25km»","2026-09-21T22:16:47.556Z"
"/bpla/","Коптер ударний-бомбер","БпАК АШЕР-Б Бомбер 15"" захищений цифровий звʼязок","2026-09-21T22:16:51.461Z"
"/bpla/","Коптер ударний-бомбер","БПЛА АШЕР-Б Бомбер 15 захищений цифровий звʼязок","2026-09-21T22:16:51.461Z"
"/bpla/","Коптер ударний-бомбер","БпАК SOTUA-MLS «SU_DGSI»","2026-09-21T22:16:51.461Z"
"/bpla/","Коптер ударний-бомбер","Легкий FPV Бомбер Саньок","2026-09-21T22:16:51.461Z"
"/bpla/","Коптер ударний-бомбер","Orni B18 Starlink","2026-09-21T22:16:51.461Z"
"/bpla/","Коптер ударний-бомбер","БпЛА SOTUA-MLS «SU_DGSI»","2026-09-21T22:16:51.461Z"
"/bpla/","Коптер ударний-бомбер","2B-Fly Каменяр","2026-09-21T22:16:51.461Z"
"/bpla/","Коптер ударний-бомбер","BORA STARLINK BOMBER","2026-09-21T22:16:51.461Z"
"/bpla/","Коптер ударний-бомбер","Універсальни БпЛА Хортон QX63","2026-09-21T22:16:51.461Z"
"/bpla/","Коптер ударний-бомбер","Логістичний дрон ХОРТОН 48 дюймов","2026-09-21T22:16:51.461Z"
"/bpla/","Коптер ударний-бомбер","FPV Камікадзе Narmat 13 на аналоговому зв'язку дальність 25 км","2026-09-21T22:16:51.461Z"
"/bpla/","Коптер ударний-бомбер","Voyager 15 - Starlink","2026-09-21T22:16:51.461Z"
"/bpla/","Коптер ударний-бомбер","БПАК ""Канйот"", нічна розширена версія","2026-09-21T22:16:51.461Z"
"/bpla/","Коптер ударний-бомбер","БПАК ""Канйот"", денна розширена версія","2026-09-21T22:16:51.461Z"
"/bpla/","Коптер ударний-бомбер","БпЛА ""КанЙот"", нічна версія (1 батарея у комплекті)","2026-09-21T22:16:51.461Z"
"/bpla/","Коптер ударний-бомбер","БпЛА ""КанЙот"" денна версія (1 батарея у комплекті)","2026-09-21T22:16:51.461Z"
"/bpla/","Коптер ударний-бомбер","Безпілотний літальний апарат «КОШМАРИК» Walksnail Ascent","2026-09-21T22:16:51.461Z"
"/bpla/","Коптер ударний-бомбер","RATEL K1 (KAMIK)","2026-09-21T22:16:51.461Z"
"/bpla/","Коптер ударний-бомбер","БЕЗПІЛОТНИЙ ЛІТАЛЬНИЙ АПАРАТ UAV PERUN S MINI","2026-09-21T22:16:51.461Z"
"/bpla/","Коптер ударний-бомбер","БЕЗПІЛОТНИЙ АВІАЦІЙНИЙ КОМПЛЕКС UAS PERUN S MINI","2026-09-21T22:16:51.461Z"
"/bpla/","Коптер ударний-бомбер","БЕЗПІЛОТНИЙ АВІАЦІЙНИЙ КОМПЛЕКС UAS PERUN S MAX","2026-09-21T22:16:51.461Z"
"/bpla/","Коптер ударний-бомбер","Безпілотний авіаційний комплекс Nemesis XS","2026-09-21T22:16:51.461Z"
"/bpla/","Коптер ударний-бомбер","БпАК STD-1","2026-09-21T22:16:51.461Z"
"/bpla/","Коптер ударний-бомбер","БпАК «Banshee M.22» (версія Starlink)","2026-09-21T22:16:51.461Z"
"/bpla/","Коптер ударний-бомбер","БпЛА STD-1","2026-09-21T22:16:51.461Z"
"/bpla/","Коптер ударний-бомбер","БпАК ANGEL ARROW 22 (UA)_BX","2026-09-21T22:16:51.461Z"
"/bpla/","Коптер ударний-бомбер","БпЛА «ANGEL ARROW 22 (UA)»","2026-09-21T22:16:51.461Z"
"/bpla/","Коптер ударний-бомбер","Безпілотний літальний апарат «ADIS»","2026-09-21T22:16:51.461Z"
"/bpla/","Коптер ударний-бомбер","Безпілотний авіаційний комплекс «ADIS»","2026-09-21T22:16:51.461Z"
"/bpla/","Коптер ударний-бомбер","Безпілотний літальний апарат SKYKNIGHT 3S","2026-09-21T22:16:51.461Z"
"/bpla/","Коптер ударний-бомбер","Безпілотний літальний апарат SKYKNIGHT 2S","2026-09-21T22:16:51.461Z"
"/bpla/","Коптер ударний-бомбер","БпЛА ""ЧАРІВНИК-St""","2026-09-21T22:16:51.461Z"
"/bpla/","Коптер ударний-бомбер","УД-15УР КОКС","2026-09-21T22:16:51.461Z"
"/bpla/","Коптер ударний-бомбер","УД-22У АНТРАЦИТ","2026-09-21T22:16:51.461Z"
"/bpla/","Коптер ударний-бомбер","БпАК УД-22У АНТРАЦИТ","2026-09-21T22:16:51.461Z"
"/bpla/","Коптер ударний-бомбер","БпАК УД-22УР","2026-09-21T22:16:51.461Z"
"/bpla/","Коптер ударний-бомбер","БпЛА УД-22УР","2026-09-21T22:16:51.461Z"
"/bpla/","Коптер ударний-бомбер","Stark 22 Starlink Day","2026-09-21T22:16:51.461Z"
"/bpla/","Коптер ударний-бомбер","Stark 17 Starlink Day","2026-09-21T22:16:51.461Z"
"/bpla/","Коптер ударний-бомбер","БпАК АШЕР-Б Бомбер 15"" захищений цифровий звʼязок","2026-09-21T22:16:51.538Z"
"/bpla/","Коптер ударний-бомбер","БПЛА АШЕР-Б Бомбер 15 захищений цифровий звʼязок","2026-09-21T22:16:51.538Z"
"/bpla/","Коптер ударний-бомбер","БпАК SOTUA-MLS «SU_DGSI»","2026-09-21T22:16:51.538Z"
"/bpla/","Коптер ударний-бомбер","Легкий FPV Бомбер Саньок","2026-09-21T22:16:51.538Z"
"/bpla/","Коптер ударний-бомбер","Orni B18 Starlink","2026-09-21T22:16:51.538Z"
"/bpla/","Коптер ударний-бомбер","БпЛА SOTUA-MLS «SU_DGSI»","2026-09-21T22:16:51.538Z"
"/bpla/","Коптер ударний-бомбер","2B-Fly Каменяр","2026-09-21T22:16:51.538Z"
"/bpla/","Коптер ударний-бомбер","BORA STARLINK BOMBER","2026-09-21T22:16:51.538Z"
"/bpla/","Коптер ударний-бомбер","Універсальни БпЛА Хортон QX63","2026-09-21T22:16:51.538Z"
"/bpla/","Коптер ударний-бомбер","Логістичний дрон ХОРТОН 48 дюймов","2026-09-21T22:16:51.538Z"
"/bpla/","Коптер ударний-бомбер","FPV Камікадзе Narmat 13 на аналоговому зв'язку дальність 25 км","2026-09-21T22:16:51.538Z"
"/bpla/","Коптер ударний-бомбер","Voyager 15 - Starlink","2026-09-21T22:16:51.538Z"
"/bpla/","Коптер ударний-бомбер","БПАК ""Канйот"", нічна розширена версія","2026-09-21T22:16:51.538Z"
"/bpla/","Коптер ударний-бомбер","БПАК ""Канйот"", денна розширена версія","2026-09-21T22:16:51.538Z"
"/bpla/","Коптер ударний-бомбер","БпЛА ""КанЙот"", нічна версія (1 батарея у комплекті)","2026-09-21T22:16:51.538Z"
"/bpla/","Коптер ударний-бомбер","БпЛА ""КанЙот"" денна версія (1 батарея у комплекті)","2026-09-21T22:16:51.538Z"
"/bpla/","Коптер ударний-бомбер","Безпілотний літальний апарат «КОШМАРИК» Walksnail Ascent","2026-09-21T22:16:51.538Z"
"/bpla/","Коптер ударний-бомбер","RATEL K1 (KAMIK)","2026-09-21T22:16:51.538Z"
"/bpla/","Коптер ударний-бомбер","БЕЗПІЛОТНИЙ ЛІТАЛЬНИЙ АПАРАТ UAV PERUN S MINI","2026-09-21T22:16:51.538Z"
"/bpla/","Коптер ударний-бомбер","БЕЗПІЛОТНИЙ АВІАЦІЙНИЙ КОМПЛЕКС UAS PERUN S MINI","2026-09-21T22:16:51.538Z"
"/bpla/","Коптер ударний-бомбер","БЕЗПІЛОТНИЙ АВІАЦІЙНИЙ КОМПЛЕКС UAS PERUN S MAX","2026-09-21T22:16:51.538Z"
"/bpla/","Коптер ударний-бомбер","Безпілотний авіаційний комплекс Nemesis XS","2026-09-21T22:16:51.538Z"
"/bpla/","Коптер ударний-бомбер","БпАК STD-1","2026-09-21T22:16:51.538Z"
"/bpla/","Коптер ударний-бомбер","БпАК «Banshee M.22» (версія Starlink)","2026-09-21T22:16:51.538Z"
"/bpla/","Коптер ударний-бомбер","БпЛА STD-1","2026-09-21T22:16:51.538Z"
"/bpla/","Коптер ударний-бомбер","БпАК ANGEL ARROW 22 (UA)_BX","2026-09-21T22:16:51.538Z"
"/bpla/","Коптер ударний-бомбер","БпЛА «ANGEL ARROW 22 (UA)»","2026-09-21T22:16:51.538Z"
"/bpla/","Коптер ударний-бомбер","Безпілотний літальний апарат «ADIS»","2026-09-21T22:16:51.538Z"
"/bpla/","Коптер ударний-бомбер","Безпілотний авіаційний комплекс «ADIS»","2026-09-21T22:16:51.538Z"
"/bpla/","Коптер ударний-бомбер","Безпілотний літальний апарат SKYKNIGHT 3S","2026-09-21T22:16:51.538Z"
"/bpla/","Коптер ударний-бомбер","Безпілотний літальний апарат SKYKNIGHT 2S","2026-09-21T22:16:51.538Z"
"/bpla/","Коптер ударний-бомбер","БпЛА ""ЧАРІВНИК-St""","2026-09-21T22:16:51.538Z"
"/bpla/","Коптер ударний-бомбер","УД-15УР КОКС","2026-09-21T22:16:51.538Z"
"/bpla/","Коптер ударний-бомбер","УД-22У АНТРАЦИТ","2026-09-21T22:16:51.538Z"
"/bpla/","Коптер ударний-бомбер","БпАК УД-22У АНТРАЦИТ","2026-09-21T22:16:51.538Z"
"/bpla/","Коптер ударний-бомбер","БпАК УД-22УР","2026-09-21T22:16:51.538Z"
"/bpla/","Коптер ударний-бомбер","БпЛА УД-22УР","2026-09-21T22:16:51.538Z"
"/bpla/","Коптер ударний-бомбер","Stark 22 Starlink Day","2026-09-21T22:16:51.538Z"
"/bpla/","Коптер ударний-бомбер","Stark 17 Starlink Day","2026-09-21T22:16:51.538Z"
"/bpla/","Коптер ударний-бомбер","Stark 17 Night","2026-09-21T22:16:52.660Z"
"/bpla/","Коптер ударний-бомбер","БпЛА з можливістю швидкого підключення Starlink зі складу БпАК ""КАЖАН Е630""","2026-09-21T22:16:52.660Z"
"/bpla/","Коптер ударний-бомбер","БпЛА із можливістю швидкого підключення Starlink зі складу БпАК «КАЖАН Е620»","2026-09-21T22:16:52.660Z"
"/bpla/","Коптер ударний-бомбер","Безпілотний авіаційний апарат «1В БОМБЕР» зі складу комплексу безпілотного авіаційного «1В БОМБЕР»","2026-09-21T22:16:52.660Z"
"/bpla/","Коптер ударний-бомбер","Комплекс безпілотний авіаційний ""1В БОМБЕР""","2026-09-21T22:16:52.660Z"
"/bpla/","Коптер ударний-бомбер","БпАК ""ЧУМАК""","2026-09-21T22:16:52.660Z"
"/bpla/","Коптер ударний-бомбер","БпЛА Granit S без АКБ","2026-09-21T22:16:52.660Z"
"/bpla/","Коптер ударний-бомбер","“Горинь 17С Серафим”","2026-09-21T22:16:52.660Z"
"/bpla/","Коптер ударний-бомбер","БпАК ""КАПІБАРА УНО""","2026-09-21T22:16:52.660Z"
"/bpla/","Коптер ударний-бомбер","БПЛА NEMESIS-K","2026-09-21T22:16:52.660Z"
"/bpla/","Коптер ударний-бомбер","БпЛА ""ЧУМАК.13""","2026-09-21T22:16:52.660Z"
"/bpla/","Коптер ударний-бомбер","БпЛА «LASAR LINE PLUS v2» (Тип 2)","2026-09-21T22:16:52.660Z"
"/bpla/","Коптер ударний-бомбер","БпЛА «LASAR LINE PLUS v2» (Тип 1)","2026-09-21T22:16:52.660Z"
"/bpla/","Коптер ударний-бомбер","Безпілотний літальний апарат JET MAX","2026-09-21T22:16:52.660Z"
"/bpla/","Коптер ударний-бомбер","Безпілотний літальний апарат UAV Perun S MAX","2026-09-21T22:16:52.660Z"
"/bpla/","Коптер ударний-бомбер","Безпілотний літальний апарат Nemesis XS зі складу БпАК","2026-09-21T22:16:52.660Z"
"/bpla/","Коптер ударний-бомбер","ГРИФ-17 BOMBER","2026-09-21T22:16:52.660Z"
"/bpla/","Коптер ударний-бомбер","Stark 17 Sokil","2026-09-21T22:16:52.660Z"
"/bpla/","Коптер ударний-бомбер","БпЛА ANGEL ARROW 15 (UA)","2026-09-21T22:16:52.660Z"
"/bpla/","Коптер ударний-бомбер","БпАК Granit S","2026-09-21T22:16:52.660Z"
"/bpla/","Коптер ударний-бомбер","БпЛА Granit S з двома комплектами АКБ","2026-09-21T22:16:52.660Z"
"/bpla/","Коптер ударний-бомбер","БпАК ANGEL ARROW 15 (UA)-BX","2026-09-21T22:16:52.660Z"
"/bpla/","Коптер ударний-бомбер","Безпілотний авіаційний комплекс ""Канйот"", стандартна комплектація","2026-09-21T22:16:52.660Z"
"/bpla/","Коптер ударний-бомбер","БпАК «MAGURA.MINI»","2026-09-21T22:16:52.660Z"
"/bpla/","Коптер ударний-бомбер","Безпілотний літальний апарат ""MAGURA.MINI""","2026-09-21T22:16:52.660Z"
"/bpla/","Коптер ударний-бомбер","Бомбер МОЛОХ 16","2026-09-21T22:16:52.660Z"
"/bpla/","Коптер ударний-бомбер","БпАК JET MAX","2026-09-21T22:16:52.660Z"
"/bpla/","Коптер ударний-бомбер","БпЛА ''KOLYADA K4''","2026-09-21T22:16:52.660Z"
"/bpla/","Коптер ударний-бомбер","БпАК ''KOLYADA K4''","2026-09-21T22:16:52.660Z"
"/bpla/","Коптер ударний-бомбер","БпЛА ""LASAR-K"" (Тип 3)","2026-09-21T22:16:52.660Z"
"/bpla/","Коптер ударний-бомбер","4PM ""VOLT""","2026-09-21T22:16:52.660Z"
"/bpla/","Коптер ударний-бомбер","БЕЗПІЛОТНИЙ ЛІТАЛЬНИЙ АПАРАТ ""MAGURA UA"" МОДЕЛЬ 2","2026-09-21T22:16:52.660Z"
"/bpla/","Коптер ударний-бомбер","БЕЗПІЛОТНИЙ ЛІТАЛЬНИЙ АПАРАТ мод. 2 “АРЕС А1”","2026-09-21T22:16:52.660Z"
"/bpla/","Коптер ударний-бомбер","БЕЗПІЛОТНИЙ АВІАЦІЙНИЙ КОМПЛЕКС мод. 2 “АРЕС А1”","2026-09-21T22:16:52.660Z"
"/bpla/","Коптер ударний-бомбер","БпЛА LASAR-K (Тип 2)","2026-09-21T22:16:52.660Z"
"/bpla/","Коптер ударний-бомбер","БпАК SkyDuo 2K10","2026-09-21T22:16:52.660Z"
"/bpla/","Коптер ударний-бомбер","SkyDuo 2K10","2026-09-21T22:16:52.660Z"
"/bpla/","Коптер ударний-бомбер","БпЛА SOTUA-MLS «SU_DGTL»","2026-09-21T22:16:52.660Z"
"/bpla/","Коптер ударний-бомбер","DRONIN KAMAKIRI 7.0DW-16","2026-09-21T22:16:52.660Z"
"/bpla/","Коптер ударний-бомбер","БпАК ''КАЖАН Е630'' (Тип: А6)","2026-09-21T22:16:53.831Z"
"/bpla/","Коптер ударний-бомбер","БпАК «КАЖАН Е620» (Тип: А6)","2026-09-21T22:16:53.831Z"
"/bpla/","Коптер ударний-бомбер","Stark 13 Bomber Digital Night","2026-09-21T22:16:53.831Z"
"/bpla/","Коптер ударний-бомбер","Stark 13 Bomber Digital Day","2026-09-21T22:16:53.831Z"
"/bpla/","Коптер ударний-бомбер","Безпілотний літальний апарат UAV Perun MAX","2026-09-21T22:16:53.831Z"
"/bpla/","Коптер ударний-бомбер","БпАК SOTUA-MLS «SU_DGTL»","2026-09-21T22:16:53.831Z"
"/bpla/","Коптер ударний-бомбер","Безпілотний літальний апарат «КОШМАРИК HERE»","2026-09-21T22:16:53.831Z"
"/bpla/","Коптер ударний-бомбер","БпЛА - бомбер «Стрікс Еір 10»","2026-09-21T22:16:53.831Z"
"/bpla/","Коптер ударний-бомбер","БпЛА - бомбер «Стрікс Еір 15»","2026-09-21T22:16:53.831Z"
"/bpla/","Коптер ударний-бомбер","БпАК ""ЛАЗАР ЛАЙН ПЛЮС""","2026-09-21T22:16:53.831Z"
"/bpla/","Коптер ударний-бомбер","БПАК УД-10А","2026-09-21T22:16:53.831Z"
"/bpla/","Коптер ударний-бомбер","БпЛА ""ЛАЗАР ЛАЙН ПЛЮС"" (Тип 2)","2026-09-21T22:16:53.831Z"
"/bpla/","Коптер ударний-бомбер","Stark 13 Bomber Analog","2026-09-21T22:16:53.831Z"
"/bpla/","Коптер ударний-бомбер","Nostromo 10 - Bomber Digital + оптична стабілізація","2026-09-21T22:16:53.831Z"
"/bpla/","Коптер ударний-бомбер","БЕЗПІЛОТНИЙ ЛІТАЛЬНИЙ АПАРАТ MAGURA UA МОД. 3","2026-09-21T22:16:53.831Z"
"/bpla/","Коптер ударний-бомбер","БЕЗПІЛОТНИЙ АВІАЦІЙНИЙ КОМПЛЕКС “АРЕС А1”","2026-09-21T22:16:53.831Z"
"/bpla/","Коптер ударний-бомбер","БЕЗПІЛОТНИЙ ЛІТАЛЬНИЙ АПАРАТ “АРЕС А1”","2026-09-21T22:16:53.831Z"
"/bpla/","Коптер ударний-бомбер","БпЛА ''ЛАЗАР'' (Тип 2)","2026-09-21T22:16:53.831Z"
"/bpla/","Коптер ударний-бомбер","БпЛА ""LASAR HEAVY""","2026-09-21T22:16:53.831Z"
"/bpla/","Коптер ударний-бомбер","БпАК ""LASAR HEAVY""","2026-09-21T22:16:53.831Z"
"/bpla/","Коптер ударний-бомбер","БЕЗПІЛОТНИЙ АВІАЦІЙНИЙ КОМПЛЕКС MAGURA UA МОД. 3","2026-09-21T22:16:53.831Z"
"/bpla/","Коптер ударний-бомбер","ST.17B WARLORD","2026-09-21T22:16:53.831Z"
"/bpla/","Коптер ударний-бомбер","Nostromo 10 DJI O4 + GPS","2026-09-21T22:16:53.831Z"
"/bpla/","Коптер ударний-бомбер","Безпілотний літальний апарат «КОШМАРИК HEXA SATELLITE»","2026-09-21T22:16:53.831Z"
"/bpla/","Коптер ударний-бомбер","БпЛА ''HEAVY SHOT ЖВАВИЙ'' з Комплектом АКБ","2026-09-21T22:16:53.831Z"
"/bpla/","Коптер ударний-бомбер","Дрон-бомбер REAPERSKY-B 10 дюймів цифровий відеозв’язок","2026-09-21T22:16:53.831Z"
"/bpla/","Коптер ударний-бомбер","Дрон-бомбер SKYRIPER 15 B | цифровий відеозв'язок","2026-09-21T22:16:53.831Z"
"/bpla/","Коптер ударний-бомбер","''HEAVY SHOT ЖВАВИЙ'' БпАК","2026-09-21T22:16:53.831Z"
"/bpla/","Коптер ударний-бомбер","''HEAVY SHOT ЖВАВИЙ'' БпЛА","2026-09-21T22:16:53.831Z"
"/bpla/","Коптер ударний-бомбер","H15B-MD MAVERICK Walksnail","2026-09-21T22:16:53.831Z"
"/bpla/","Коптер ударний-бомбер","БпАК INFERNO","2026-09-21T22:16:53.831Z"
"/bpla/","Коптер ударний-бомбер","БпЛА INFERNO-N","2026-09-21T22:16:53.831Z"
"/bpla/","Коптер ударний-бомбер","БпЛА INFERNO","2026-09-21T22:16:53.831Z"
"/bpla/","Коптер ударний-бомбер","БпЛА «ВОЛИНЯКА analog»","2026-09-21T22:16:53.831Z"
"/bpla/","Коптер ударний-бомбер","БпЛА «ВОЛИНЯКА digital»","2026-09-21T22:16:53.831Z"
"/bpla/","Коптер ударний-бомбер","FPV 13 Бомбер","2026-09-21T22:16:53.831Z"
"/bpla/","Коптер ударний-бомбер","БпЛА R-34 у Комплектації Mk2","2026-09-21T22:16:53.831Z"
"/bpla/","Коптер ударний-бомбер","UAV Perun Mini БПЛА (тепловізійна камера)","2026-09-21T22:16:53.831Z"
"/bpla/","Коптер ударний-бомбер","ST.HEXA 10(6)B","2026-09-21T22:16:53.831Z"
"/bpla/","Літак-розвідник","БпЛА ''Vector'' (з оптичною навігацією)","2026-09-21T22:16:56.611Z"
"/bpla/","Літак-розвідник","БпАК ''Vector'' (2 БпЛА з оптичною навігацією)","2026-09-21T22:16:56.611Z"
"/bpla/","Літак-розвідник","БпАК ''Vector'' (3 БпЛА з оптичною навігацією)","2026-09-21T22:16:56.611Z"
"/bpla/","Літак-розвідник","PUSHER-R","2026-09-21T22:16:56.611Z"
"/bpla/","Літак-розвідник","PUSHER-R","2026-09-21T22:16:56.611Z"
"/bpla/","Літак-розвідник","БпАК SKY DEVIL SE","2026-09-21T22:16:56.611Z"
"/bpla/","Літак-розвідник","SKY DEVIL SE","2026-09-21T22:16:56.611Z"
"/bpla/","Літак-розвідник","БпАК ""РОНДА 1-М""","2026-09-21T22:16:56.611Z"
"/bpla/","Літак-розвідник","БпЛА РОНДА 1-М","2026-09-21T22:16:56.611Z"
"/bpla/","Літак-розвідник","БпЛА РОНДА 1-М","2026-09-21T22:16:56.611Z"
"/bpla/","Літак-розвідник","БпЛА РОНДА 1-М","2026-09-21T22:16:56.611Z"
"/bpla/","Літак-розвідник","БпАК Jupiter Hunter-1","2026-09-21T22:16:56.611Z"
"/bpla/","Літак-розвідник","БЕЗПІЛОТНИЙ ЛІТАЛЬНИЙ АПАРАТ «ПАЗУР РОЗВІДНИК»","2026-09-21T22:16:56.611Z"
"/bpla/","Літак-розвідник","БЕЗПІЛОТНИЙ АВІАЦІЙНИЙ КОМПЛЕКС ""ПАЗУР РОЗВІДНИК""","2026-09-21T22:16:56.611Z"
"/bpla/","Літак-розвідник","БпЛА ''Парадокс''","2026-09-21T22:16:56.611Z"
"/bpla/","Літак-розвідник","R-Max (Gasoline)","2026-09-21T22:16:56.611Z"
"/bpla/","Літак-розвідник","БпЛА ""H10 Poseidon MkIV""","2026-09-21T22:16:56.611Z"
"/bpla/","Літак-розвідник","БпЛА Sky Devil","2026-09-21T22:16:56.611Z"
"/bpla/","Літак-розвідник","PD-1S","2026-09-21T22:16:56.611Z"
"/bpla/","Літак-розвідник","PD-2 Безпілотний авіаційний комплекс","2026-09-21T22:16:56.611Z"
"/bpla/","Літак-розвідник","Сірко (БПЛА)","2026-09-21T22:16:56.611Z"
"/bpla/","Літак-розвідник","БпАК ""GARA ESSE ПЛЮС""","2026-09-21T22:16:56.611Z"
"/bpla/","Літак-розвідник","БпАК ''Галка Мк2''","2026-09-21T22:16:56.611Z"
"/bpla/","Літак-розвідник","БпЛА ''Галка Мк2''","2026-09-21T22:16:56.611Z"
"/bpla/","Літак-розвідник","Безпілотний авіаційний комплекс (безпілотна авіаційна система) Mini Shark-D","2026-09-21T22:16:56.611Z"
"/bpla/","Літак-розвідник","Безпілотний літальний апарат ''ДОМАХА'' / Pro","2026-09-21T22:16:56.611Z"
"/bpla/","Літак-розвідник","Безпілотний авіаційний комплекс DH-1 ''Домаха'' / Pro","2026-09-21T22:16:56.611Z"
"/bpla/","Літак-розвідник","Безпілотний авіаційний комплекс DH-1 ''Домаха'' / Plus","2026-09-21T22:16:56.611Z"
"/bpla/","Літак-розвідник","Безпілотний літальний апарат Shark-M з ГОЕС USG-232","2026-09-21T22:16:56.611Z"
"/bpla/","Літак-розвідник","Безпілотне повітряне судно Mini Shark з ГОЕС USG-261Т","2026-09-21T22:16:56.611Z"
"/bpla/","Літак-розвідник","Безпілотне повітряне судно Mini Shark з ГОЕС USG-261","2026-09-21T22:16:56.611Z"
"/bpla/","Літак-розвідник","Безпілотний літальний апарат Shark-M з ГОЕС USG-231","2026-09-21T22:16:56.611Z"
"/bpla/","Літак-розвідник","Безпілотний авіаційний комплекс Shark-M","2026-09-21T22:16:56.611Z"
"/bpla/","Літак-розвідник","БпЛА ''Галка МК3''","2026-09-21T22:16:56.611Z"
"/bpla/","Літак-розвідник","БпАК ''Галка Мк3''","2026-09-21T22:16:56.611Z"
"/bpla/","Літак-розвідник","Комплекс VT260","2026-09-21T22:16:56.611Z"
"/bpla/","Літак-розвідник","Безпілотний літальний апарат ''ДОМАХА'' / Standard","2026-09-21T22:16:56.611Z"
"/bpla/","Літак-розвідник","БпАК ''Vector'' (3 БпЛА)","2026-09-21T22:16:56.611Z"
"/bpla/","Літак-розвідник","БпАК ''Vector'' (2 БпЛА)","2026-09-21T22:16:56.611Z"
"/bpla/","Літак-розвідник","БпЛА ''Vector'' (з оптичною навігацією)","2026-09-21T22:16:56.683Z"
"/bpla/","Літак-розвідник","БпАК ''Vector'' (2 БпЛА з оптичною навігацією)","2026-09-21T22:16:56.683Z"
"/bpla/","Літак-розвідник","БпАК ''Vector'' (3 БпЛА з оптичною навігацією)","2026-09-21T22:16:56.683Z"
"/bpla/","Літак-розвідник","PUSHER-R","2026-09-21T22:16:56.683Z"
"/bpla/","Літак-розвідник","PUSHER-R","2026-09-21T22:16:56.683Z"
"/bpla/","Літак-розвідник","БпАК SKY DEVIL SE","2026-09-21T22:16:56.683Z"
"/bpla/","Літак-розвідник","SKY DEVIL SE","2026-09-21T22:16:56.683Z"
"/bpla/","Літак-розвідник","БпАК ""РОНДА 1-М""","2026-09-21T22:16:56.683Z"
"/bpla/","Літак-розвідник","БпЛА РОНДА 1-М","2026-09-21T22:16:56.683Z"
"/bpla/","Літак-розвідник","БпЛА РОНДА 1-М","2026-09-21T22:16:56.683Z"
"/bpla/","Літак-розвідник","БпЛА РОНДА 1-М","2026-09-21T22:16:56.683Z"
"/bpla/","Літак-розвідник","БпАК Jupiter Hunter-1","2026-09-21T22:16:56.683Z"
"/bpla/","Літак-розвідник","БЕЗПІЛОТНИЙ ЛІТАЛЬНИЙ АПАРАТ «ПАЗУР РОЗВІДНИК»","2026-09-21T22:16:56.683Z"
"/bpla/","Літак-розвідник","БЕЗПІЛОТНИЙ АВІАЦІЙНИЙ КОМПЛЕКС ""ПАЗУР РОЗВІДНИК""","2026-09-21T22:16:56.683Z"
"/bpla/","Літак-розвідник","БпЛА ''Парадокс''","2026-09-21T22:16:56.683Z"
"/bpla/","Літак-розвідник","R-Max (Gasoline)","2026-09-21T22:16:56.683Z"
"/bpla/","Літак-розвідник","БпЛА ""H10 Poseidon MkIV""","2026-09-21T22:16:56.683Z"
"/bpla/","Літак-розвідник","БпЛА Sky Devil","2026-09-21T22:16:56.683Z"
"/bpla/","Літак-розвідник","PD-1S","2026-09-21T22:16:56.683Z"
"/bpla/","Літак-розвідник","PD-2 Безпілотний авіаційний комплекс","2026-09-21T22:16:56.683Z"
"/bpla/","Літак-розвідник","Сірко (БПЛА)","2026-09-21T22:16:56.683Z"
"/bpla/","Літак-розвідник","БпАК ""GARA ESSE ПЛЮС""","2026-09-21T22:16:56.683Z"
"/bpla/","Літак-розвідник","БпАК ''Галка Мк2''","2026-09-21T22:16:56.683Z"
"/bpla/","Літак-розвідник","БпЛА ''Галка Мк2''","2026-09-21T22:16:56.683Z"
"/bpla/","Літак-розвідник","Безпілотний авіаційний комплекс (безпілотна авіаційна система) Mini Shark-D","2026-09-21T22:16:56.683Z"
"/bpla/","Літак-розвідник","Безпілотний літальний апарат ''ДОМАХА'' / Pro","2026-09-21T22:16:56.683Z"
"/bpla/","Літак-розвідник","Безпілотний авіаційний комплекс DH-1 ''Домаха'' / Pro","2026-09-21T22:16:56.683Z"
"/bpla/","Літак-розвідник","Безпілотний авіаційний комплекс DH-1 ''Домаха'' / Plus","2026-09-21T22:16:56.683Z"
"/bpla/","Літак-розвідник","Безпілотний літальний апарат Shark-M з ГОЕС USG-232","2026-09-21T22:16:56.683Z"
"/bpla/","Літак-розвідник","Безпілотне повітряне судно Mini Shark з ГОЕС USG-261Т","2026-09-21T22:16:56.683Z"
"/bpla/","Літак-розвідник","Безпілотне повітряне судно Mini Shark з ГОЕС USG-261","2026-09-21T22:16:56.683Z"
"/bpla/","Літак-розвідник","Безпілотний літальний апарат Shark-M з ГОЕС USG-231","2026-09-21T22:16:56.683Z"
"/bpla/","Літак-розвідник","Безпілотний авіаційний комплекс Shark-M","2026-09-21T22:16:56.683Z"
"/bpla/","Літак-розвідник","БпЛА ''Галка МК3''","2026-09-21T22:16:56.683Z"
"/bpla/","Літак-розвідник","БпАК ''Галка Мк3''","2026-09-21T22:16:56.683Z"
"/bpla/","Літак-розвідник","Комплекс VT260","2026-09-21T22:16:56.683Z"
"/bpla/","Літак-розвідник","Безпілотний літальний апарат ''ДОМАХА'' / Standard","2026-09-21T22:16:56.683Z"
"/bpla/","Літак-розвідник","БпАК ''Vector'' (3 БпЛА)","2026-09-21T22:16:56.683Z"
"/bpla/","Літак-розвідник","БпАК ''Vector'' (2 БпЛА)","2026-09-21T22:16:56.683Z"
"/bpla/","Літак-камікадзе","Звіробій B-21 — БпАК (НСК+10 БПЛА та катапультою.) Дальність 45 км+, корисне навантаження до 9 кг.","2026-09-21T22:17:01.161Z"
"/bpla/","Літак-камікадзе","БпАК ""Гадюка""","2026-09-21T22:17:01.161Z"
"/bpla/","Літак-камікадзе","БпЛА Гадюка","2026-09-21T22:17:01.161Z"
"/bpla/","Літак-камікадзе","БпЛА «ЖАР»","2026-09-21T22:17:01.161Z"
"/bpla/","Літак-камікадзе","БпАК «ЖАР»","2026-09-21T22:17:01.161Z"
"/bpla/","Літак-камікадзе","БПЛА камідкадзе Звіробій B21S (Starlink) літакового типу","2026-09-21T22:17:01.161Z"
"/bpla/","Літак-камікадзе","БПЛА «Бебрадрон КІТ»","2026-09-21T22:17:01.161Z"
"/bpla/","Літак-камікадзе","SKIF-ARROW","2026-09-21T22:17:01.161Z"
"/bpla/","Літак-камікадзе","БпЛА Шпатель","2026-09-21T22:17:01.161Z"
"/bpla/","Літак-камікадзе","БпАК Зозуля","2026-09-21T22:17:01.161Z"
"/bpla/","Літак-камікадзе","БпАК Ха-Кі 3S","2026-09-21T22:17:01.161Z"
"/bpla/","Літак-камікадзе","БпЛА Ха-Кі 3S","2026-09-21T22:17:01.161Z"
"/bpla/","Літак-камікадзе","БпЛА «FLYCAT D 80»","2026-09-21T22:17:01.161Z"
"/bpla/","Літак-камікадзе","БпАК «FLYCAT D 80»","2026-09-21T22:17:01.161Z"
"/bpla/","Літак-камікадзе","БпАК “Ха-Кі S”","2026-09-21T22:17:01.161Z"
"/bpla/","Літак-камікадзе","БпЛА «Ха-Кі S»","2026-09-21T22:17:01.161Z"
"/bpla/","Літак-камікадзе","БпАК «Морріган но мерсі» у комплектації БпЛА «тип 1.1.2»","2026-09-21T22:17:01.161Z"
"/bpla/","Літак-камікадзе","БпЛА «Морріган но мерсі» у комплектації «тип 1.1.2»","2026-09-21T22:17:01.161Z"
"/bpla/","Літак-камікадзе","БПЛА камідкадзе літакового типу Звіробій B21","2026-09-21T22:17:01.161Z"
"/bpla/","Літак-камікадзе","БПАК «ШЕРШ 8» з цифровим зв'язком","2026-09-21T22:17:01.161Z"
"/bpla/","Літак-камікадзе","БпАК КОСТИЛЬ Х","2026-09-21T22:17:01.161Z"
"/bpla/","Літак-камікадзе","БпАК КОСТИЛЬ+","2026-09-21T22:17:01.161Z"
"/bpla/","Літак-камікадзе","БпЛА КОСТИЛЬ X","2026-09-21T22:17:01.161Z"
"/bpla/","Літак-камікадзе","БпЛА КОСТИЛЬ+","2026-09-21T22:17:01.161Z"
"/bpla/","Літак-камікадзе","ЛОКІ БпЛА","2026-09-21T22:17:01.161Z"
"/bpla/","Літак-камікадзе","Безпілотний авіаційний комплекс «SCORPION-JET»","2026-09-21T22:17:01.161Z"
"/bpla/","Літак-камікадзе","Безпілотний літальний апарат «SCORPION-JET»","2026-09-21T22:17:01.161Z"
"/bpla/","Літак-камікадзе","БпАК СТ-10 (50шт-день, бч ТМ-62/ТМ-72)","2026-09-21T22:17:01.161Z"
"/bpla/","Літак-камікадзе","БУЛАВА БпЛА","2026-09-21T22:17:01.161Z"
"/bpla/","Літак-камікадзе","БпАК«Б-2» за специфікацією 0002.8090.00.00.00.000 в комплектації з БпЛА «Б-2 70» за специфікацією 0002.0000.00.00.00.000","2026-09-21T22:17:01.161Z"
"/bpla/","Літак-камікадзе","БпЛА ""Б-2 70"" ЗА СПЕЦИФІКАЦІЄЮ 0002.0000.00.00.00.000","2026-09-21T22:17:01.161Z"
"/bpla/","Літак-камікадзе","БпАК ""Б-2"" у комплектації з БпЛА ""Б-2 125""","2026-09-21T22:17:01.161Z"
"/bpla/","Літак-камікадзе","БпЛА ""Б-2 125"" ЗА СПЕЦИФІКАЦІЄЮ 0005.0000.00.00.00.000","2026-09-21T22:17:01.161Z"
"/bpla/","Літак-камікадзе","БпАК «FLYCAT»","2026-09-21T22:17:01.161Z"
"/bpla/","Літак-камікадзе","БпЛА «FLYCAT»","2026-09-21T22:17:01.161Z"
"/bpla/","Літак-камікадзе","БпАК «Бебрадрон»","2026-09-21T22:17:01.161Z"
"/bpla/","Літак-камікадзе","Багатоцільовий вантажний безпілотний літальний апарат «ШЕРШ 8» з цифровим зв'язком","2026-09-21T22:17:01.161Z"
"/bpla/","Літак-камікадзе","Багатоцільовий вантажний безпілотний літальний апарат «ШЕРШ 8» з аналоговим зв'язком","2026-09-21T22:17:01.161Z"
"/bpla/","Літак-камікадзе","[БпАК] Генерал Черешня ХМАРИНКА (Аналог / День / Ніч) — Ударний","2026-09-21T22:17:01.161Z"
"/bpla/","Літак-камікадзе","Звіробій B-21 — БпАК (НСК+10 БПЛА та катапультою.) Дальність 45 км+, корисне навантаження до 9 кг.","2026-09-21T22:17:01.236Z"
"/bpla/","Літак-камікадзе","БпАК ""Гадюка""","2026-09-21T22:17:01.236Z"
"/bpla/","Літак-камікадзе","БпЛА Гадюка","2026-09-21T22:17:01.236Z"
"/bpla/","Літак-камікадзе","БпЛА «ЖАР»","2026-09-21T22:17:01.236Z"
"/bpla/","Літак-камікадзе","БпАК «ЖАР»","2026-09-21T22:17:01.236Z"
"/bpla/","Літак-камікадзе","БПЛА камідкадзе Звіробій B21S (Starlink) літакового типу","2026-09-21T22:17:01.236Z"
"/bpla/","Літак-камікадзе","БПЛА «Бебрадрон КІТ»","2026-09-21T22:17:01.236Z"
"/bpla/","Літак-камікадзе","SKIF-ARROW","2026-09-21T22:17:01.236Z"
"/bpla/","Літак-камікадзе","БпЛА Шпатель","2026-09-21T22:17:01.236Z"
"/bpla/","Літак-камікадзе","БпАК Зозуля","2026-09-21T22:17:01.236Z"
"/bpla/","Літак-камікадзе","БпАК Ха-Кі 3S","2026-09-21T22:17:01.236Z"
"/bpla/","Літак-камікадзе","БпЛА Ха-Кі 3S","2026-09-21T22:17:01.236Z"
"/bpla/","Літак-камікадзе","БпЛА «FLYCAT D 80»","2026-09-21T22:17:01.236Z"
"/bpla/","Літак-камікадзе","БпАК «FLYCAT D 80»","2026-09-21T22:17:01.236Z"
"/bpla/","Літак-камікадзе","БпАК “Ха-Кі S”","2026-09-21T22:17:01.236Z"
"/bpla/","Літак-камікадзе","БпЛА «Ха-Кі S»","2026-09-21T22:17:01.236Z"
"/bpla/","Літак-камікадзе","БпАК «Морріган но мерсі» у комплектації БпЛА «тип 1.1.2»","2026-09-21T22:17:01.236Z"
"/bpla/","Літак-камікадзе","БпЛА «Морріган но мерсі» у комплектації «тип 1.1.2»","2026-09-21T22:17:01.236Z"
"/bpla/","Літак-камікадзе","БПЛА камідкадзе літакового типу Звіробій B21","2026-09-21T22:17:01.236Z"
"/bpla/","Літак-камікадзе","БПАК «ШЕРШ 8» з цифровим зв'язком","2026-09-21T22:17:01.236Z"
"/bpla/","Літак-камікадзе","БпАК КОСТИЛЬ Х","2026-09-21T22:17:01.236Z"
"/bpla/","Літак-камікадзе","БпАК КОСТИЛЬ+","2026-09-21T22:17:01.236Z"
"/bpla/","Літак-камікадзе","БпЛА КОСТИЛЬ X","2026-09-21T22:17:01.236Z"
"/bpla/","Літак-камікадзе","БпЛА КОСТИЛЬ+","2026-09-21T22:17:01.236Z"
"/bpla/","Літак-камікадзе","ЛОКІ БпЛА","2026-09-21T22:17:01.236Z"
"/bpla/","Літак-камікадзе","Безпілотний авіаційний комплекс «SCORPION-JET»","2026-09-21T22:17:01.236Z"
"/bpla/","Літак-камікадзе","Безпілотний літальний апарат «SCORPION-JET»","2026-09-21T22:17:01.236Z"
"/bpla/","Літак-камікадзе","БпАК СТ-10 (50шт-день, бч ТМ-62/ТМ-72)","2026-09-21T22:17:01.236Z"
"/bpla/","Літак-камікадзе","БУЛАВА БпЛА","2026-09-21T22:17:01.236Z"
"/bpla/","Літак-камікадзе","БпАК«Б-2» за специфікацією 0002.8090.00.00.00.000 в комплектації з БпЛА «Б-2 70» за специфікацією 0002.0000.00.00.00.000","2026-09-21T22:17:01.236Z"
"/bpla/","Літак-камікадзе","БпЛА ""Б-2 70"" ЗА СПЕЦИФІКАЦІЄЮ 0002.0000.00.00.00.000","2026-09-21T22:17:01.236Z"
"/bpla/","Літак-камікадзе","БпАК ""Б-2"" у комплектації з БпЛА ""Б-2 125""","2026-09-21T22:17:01.236Z"
"/bpla/","Літак-камікадзе","БпЛА ""Б-2 125"" ЗА СПЕЦИФІКАЦІЄЮ 0005.0000.00.00.00.000","2026-09-21T22:17:01.236Z"
"/bpla/","Літак-камікадзе","БпАК «FLYCAT»","2026-09-21T22:17:01.236Z"
"/bpla/","Літак-камікадзе","БпЛА «FLYCAT»","2026-09-21T22:17:01.236Z"
"/bpla/","Літак-камікадзе","БпАК «Бебрадрон»","2026-09-21T22:17:01.236Z"
"/bpla/","Літак-камікадзе","Багатоцільовий вантажний безпілотний літальний апарат «ШЕРШ 8» з цифровим зв'язком","2026-09-21T22:17:01.236Z"
"/bpla/","Літак-камікадзе","Багатоцільовий вантажний безпілотний літальний апарат «ШЕРШ 8» з аналоговим зв'язком","2026-09-21T22:17:01.236Z"
"/bpla/","Літак-камікадзе","[БпАК] Генерал Черешня ХМАРИНКА (Аналог / День / Ніч) — Ударний","2026-09-21T22:17:01.236Z"
"/bpla/","Літак-камікадзе","БпАК ОСА 2","2026-09-21T22:17:02.262Z"
"/bpla/","Літак-камікадзе","БпАК AQ400","2026-09-21T22:17:02.262Z"
"/bpla/","Літак-камікадзе","БпАК AQ180К","2026-09-21T22:17:02.262Z"
"/bpla/","Літак-камікадзе","БпЛА AQ400","2026-09-21T22:17:02.262Z"
"/bpla/","Літак-камікадзе","БпЛА AQ180K","2026-09-21T22:17:02.262Z"
"/bpla/","Літак-камікадзе","БпАК ""Вирій М7"" (10 літаків)","2026-09-21T22:17:02.262Z"
"/bpla/","Літак-камікадзе","БпЛА ""Зигзаг"" - камікадзе (по наземним цілям)","2026-09-21T22:17:02.262Z"
"/bpla/","Літак-камікадзе","МАЗЕПА 20","2026-09-21T22:17:02.262Z"
"/bpla/","Літак-камікадзе","МАЗЕПА 10","2026-09-21T22:17:02.262Z"
"/bpla/","Літак-камікадзе","БпЛА ""Вирій М7""","2026-09-21T22:17:02.262Z"
"/bpla/","Літак-камікадзе","БпАК ""GX Hunter"" (5+кг, 50+км) - цифра.","2026-09-21T22:17:02.262Z"
"/bpla/","Літак-камікадзе","БпЛА ""GX Hunter"" (5+кг, 50+км) - цифра.","2026-09-21T22:17:02.262Z"
"/bpla/","Літак-камікадзе","БпАК DRACO","2026-09-21T22:17:02.262Z"
"/bpla/","Літак-камікадзе","СТ-10 (10кг бч дальність 60км)","2026-09-21T22:17:02.262Z"
"/bpla/","Літак-камікадзе","БПЛА “Бебрадрон” від BlueBird Tech","2026-09-21T22:17:02.262Z"
"/bpla/","Літак-камікадзе","БПЛА зі складу Комплексу “камікадзе літакового типу DARTS” (двомоторний з відеокамерами K-Pilot та денна), ДРТС.202404.004-121, ТУ У 30.3-24083083-004:2024 з модулем IP звʼязку","2026-09-21T22:17:02.262Z"
"/bpla/","Літак-камікадзе","Безпілотний літальний апарат зі складу Комплексу “камікадзе літакового типу DARTS” (двомоторний з відеокамерами Norda-тепловізійна та денна), ДРТС.202404.004-141, ТУ У 30.3-24083083-004:2024","2026-09-21T22:17:02.262Z"
"/bpla/","Літак-камікадзе","Безпілотний літальний апарат зі складу Комплексу “камікадзе літакового типу DARTS” (двомоторний з відеокамерами K-Pilot та денна), ДРТС.202404.004-121, ТУ У 30.3-24083083-004:2024 з обчислювальним модулем","2026-09-21T22:17:02.262Z"
"/bpla/","Літак-камікадзе","БпЛА зі складу БпАК DARTS 2 SL-ND DRTS.12SD2.NDSL","2026-09-21T22:17:02.262Z"
"/bpla/","Літак-камікадзе","БПЛА зі складу Комплексу камікадзе літакового типу DARTS (двомоторний з відеокамерами Norda та денна), ДРТС.202404.004-101, ТУ У 30.3-24083083-004:2024","2026-09-21T22:17:02.262Z"
"/bpla/","Літак-камікадзе","БпАК Блискавка-1 ( тепловізійна камера )","2026-09-21T22:17:02.262Z"
"/bpla/","Літак-камікадзе","БпЛА ""Гопак-S""","2026-09-21T22:17:02.262Z"
"/bpla/","Літак-камікадзе","БпАК ""FALCON V2-UA"" (DIGITAL SIGNAL)","2026-09-21T22:17:02.262Z"
"/bpla/","Літак-камікадзе","БпАК КОСТИЛЬ","2026-09-21T22:17:02.262Z"
"/bpla/","Літак-камікадзе","БпЛА КОСТИЛЬ","2026-09-21T22:17:02.262Z"
"/bpla/","Літак-камікадзе","БпЛА ""ЖУК""","2026-09-21T22:17:02.262Z"
"/bpla/","Літак-камікадзе","БпАК ""ЖУК""","2026-09-21T22:17:02.262Z"
"/bpla/","Літак-камікадзе","БпЛА ОСА 2.2","2026-09-21T22:17:02.262Z"
"/bpla/","Літак-камікадзе","БпАК Stick 12M","2026-09-21T22:17:02.262Z"
"/bpla/","Літак-камікадзе","Stick 12M","2026-09-21T22:17:02.262Z"
"/bpla/","Літак-камікадзе","Marena Wing","2026-09-21T22:17:02.262Z"
"/bpla/","Літак-камікадзе","Безпілотний авіаційний комплекс БпАК Чаклун-В-01(У300) (StarLink)","2026-09-21T22:17:02.262Z"
"/bpla/","Літак-камікадзе","Безпілотний літальний апарат Чаклун-В-01(У300) (Starlink)","2026-09-21T22:17:02.262Z"
"/bpla/","Літак-камікадзе","БпЛА Зозуля","2026-09-21T22:17:02.262Z"
"/bpla/","Літак-камікадзе","БпАК ""Кортик""","2026-09-21T22:17:02.262Z"
"/bpla/","Літак-камікадзе","R2D3-K","2026-09-21T22:17:02.262Z"
"/bpla/","Літак-камікадзе","БпАК ARIA","2026-09-21T22:17:02.262Z"
"/bpla/","Літак-камікадзе","БпЛА Майя","2026-09-21T22:17:02.262Z"
"/bpla/","Літак-камікадзе","БпЛА ARIA","2026-09-21T22:17:02.262Z"
"/bpla/","Перехоплювач","Зореліт v5","2026-09-21T22:17:06.317Z"
"/bpla/","Перехоплювач","Ударно-розвідувальний FPV-дрон SKYFLY-5","2026-09-21T22:17:06.317Z"
"/bpla/","Перехоплювач","BLACKBIRD WING 10 ANTIAIRCRAFT ECLIPSE NIGHT (нічний зенітний дрон)","2026-09-21T22:17:06.317Z"
"/bpla/","Перехоплювач","БпЛА «PHOTON» P.10","2026-09-21T22:17:06.317Z"
"/bpla/","Перехоплювач","БпАК СПИС-А2-01-Т","2026-09-21T22:17:06.317Z"
"/bpla/","Перехоплювач","БпАК ""Спис-А2""-02-Т","2026-09-21T22:17:06.317Z"
"/bpla/","Перехоплювач","MIRA FURIA","2026-09-21T22:17:06.317Z"
"/bpla/","Перехоплювач","MIRA HARPIA","2026-09-21T22:17:06.317Z"
"/bpla/","Перехоплювач","Апарат літальний безпілотний перехоплювач «Air Baby-350» у комплекті з цифровою тепловізійною камерою та модулем зв’язку Sine.Link","2026-09-21T22:17:06.317Z"
"/bpla/","Перехоплювач","Апарат літальний безпілотний перехоплювач «Air Baby-350» у комплекті з цифровою денною камерою та модулем зв’язку Sine.Link","2026-09-21T22:17:06.317Z"
"/bpla/","Перехоплювач","Апарат літальний безпілотний перехоплювач «Air Baby-350» у комплекті з аналоговою тепловізійною камерою та модулем зв’язку Sine.Link","2026-09-21T22:17:06.317Z"
"/bpla/","Перехоплювач","Апарат літальний безпілотний перехоплювач «Air Baby-350» у комплекті з аналоговою денною камерою та модулем зв’язку Sine.Link","2026-09-21T22:17:06.317Z"
"/bpla/","Перехоплювач","Апарат літальний безпілотний перехоплювач «Air Baby-350» у комплекті з цифровою тепловізійною камерою","2026-09-21T22:17:06.317Z"
"/bpla/","Перехоплювач","Апарат літальний безпілотний перехоплювач «Air Baby-350» у комплекті з цифровою денною камерою","2026-09-21T22:17:06.317Z"
"/bpla/","Перехоплювач","Апарат літальний безпілотний перехоплювач «Air Baby-350» у комплекті з аналоговою тепловізійною камерою","2026-09-21T22:17:06.317Z"
"/bpla/","Перехоплювач","Апарат літальний безпілотний перехоплювач «Air Baby-350» у комплекті з аналоговою денною камерою","2026-09-21T22:17:06.317Z"
"/bpla/","Перехоплювач","БПАК Скайвокер 2.0 (Skywalker 2.0) перехоплювач, тепловізійний, аналоговий","2026-09-21T22:17:06.317Z"
"/bpla/","Перехоплювач","Скайвокер 2.0 (Skywalker 2.0) перехоплювач, тепловізійний, аналоговий","2026-09-21T22:17:06.317Z"
"/bpla/","Перехоплювач","БПАК Скайвокер 2.0 (Skywalker 2.0) перехоплювач, денний, аналоговий","2026-09-21T22:17:06.317Z"
"/bpla/","Перехоплювач","Скайвокер 2.0 (Skywalker 2.0) перехоплювач, денний, аналоговий","2026-09-21T22:17:06.317Z"
"/bpla/","Перехоплювач","Бпла Камік-Блейд-13","2026-09-21T22:17:06.317Z"
"/bpla/","Перехоплювач","Бпла Камік-Блейд-15 Посилиний VTX","2026-09-21T22:17:06.317Z"
"/bpla/","Перехоплювач","КОМПЛЕКС БЕЗПІЛОТНИЙ АВІАЦІЙНИЙ ODIN WIN_HIT","2026-09-21T22:17:06.317Z"
"/bpla/","Перехоплювач","Антидроновий комплекс DRONEHUNTER VARTA-10 SICH (Walksnail Ascent 4.90-6.40 GHz)","2026-09-21T22:17:06.317Z"
"/bpla/","Перехоплювач","БпЛА ""ЯРИЙ М1-N"" (нічна комплектація)","2026-09-21T22:17:06.317Z"
"/bpla/","Перехоплювач","БпЛА Ярий М1-D (денна комплектація)","2026-09-21T22:17:06.317Z"
"/bpla/","Перехоплювач","2b-fly Хижак","2026-09-21T22:17:06.317Z"
"/bpla/","Перехоплювач","АХ-100 (цифровий DJI)","2026-09-21T22:17:06.317Z"
"/bpla/","Перехоплювач","Перехоплювач Стелс 10 IS","2026-09-21T22:17:06.317Z"
"/bpla/","Перехоплювач","АХ-10 «KVITKA»","2026-09-21T22:17:06.317Z"
"/bpla/","Перехоплювач","MAVKA-INTERCEPTOR01","2026-09-21T22:17:06.317Z"
"/bpla/","Перехоплювач","CHOPPER 10","2026-09-21T22:17:06.317Z"
"/bpla/","Перехоплювач","БпЛА «EF-01» - високошвидкісний зенітний дрон-перехоплювач (аналоговий зв’язок).","2026-09-21T22:17:06.317Z"
"/bpla/","Перехоплювач","БпЛА «EF-01» - високошвидкісний зенітний дрон-перехоплювач (цифровий зв’язок)","2026-09-21T22:17:06.317Z"
"/bpla/","Перехоплювач","RAY ONE LIGHT з ТЕПЛОВІЗІЙНОЮ КАМЕРОЮ (цифровий зв’язок)","2026-09-21T22:17:06.317Z"
"/bpla/","Перехоплювач","RAY ONE LIGHT з ДЕННОЮ КАМЕРОЮ (цифровий зв’язок)","2026-09-21T22:17:06.317Z"
"/bpla/","Перехоплювач","БпАК Зигзаг-DN (нічна комплектація)","2026-09-21T22:17:06.317Z"
"/bpla/","Перехоплювач","WINFLY 10 Spider","2026-09-21T22:17:06.317Z"
"/bpla/","Перехоплювач","RAY ONE LIGHT з ТЕПЛОВІЗІЙНОЮ КАМЕРОЮ (аналоговий зв’язок)","2026-09-21T22:17:06.317Z"
"/bpla/","Носій ретранслятора","WARDOG TRN БПЛА","2026-09-21T22:17:10.134Z"
"/bpla/","Носій ретранслятора","БпЛА КОЛІБРІ 13"" FR1 ЦЦ","2026-09-21T22:17:10.134Z"
"/bpla/","Носій ретранслятора","БпАК КОЛІБРІ 13 FR1 ЦЦ","2026-09-21T22:17:10.134Z"
"/bpla/","Носій ретранслятора","Носій Ретранслятора K4RM4","2026-09-21T22:17:10.134Z"
"/bpla/","Носій ретранслятора","2B-Fly Відлуння","2026-09-21T22:17:10.134Z"
"/bpla/","Носій ретранслятора","БпАК K4RM4 носій ретранслятора день-ніч","2026-09-21T22:17:10.134Z"
"/bpla/","Носій ретранслятора","Платформа-ретранслятор SeaGull","2026-09-21T22:17:10.134Z"
"/bpla/","Носій ретранслятора","МУРАХА, БпЛА","2026-09-21T22:17:10.134Z"
"/bpla/","Носій ретранслятора","МУРАХА, БпАК","2026-09-21T22:17:10.134Z"
"/bpla/","Носій ретранслятора","ПАВУК ДОПХІНА, БПЛА","2026-09-21T22:17:10.134Z"
"/bpla/","Носій ретранслятора","ПАВУК ДОПХІНА нічний, БПЛА","2026-09-21T22:17:10.134Z"
"/bpla/","Носій ретранслятора","МОСКІТО СТ","2026-09-21T22:17:10.134Z"
"/bpla/","Носій ретранслятора","Носій ретранслятору Е-БУН (денний) від Зграя Індастріз","2026-09-21T22:17:10.134Z"
"/bpla/","Носій ретранслятора","БПЛА носій Strix Digital-С","2026-09-21T22:17:10.134Z"
"/bpla/","Носій ретранслятора","Азимут 10DN","2026-09-21T22:17:10.134Z"
"/bpla/","Носій ретранслятора","УД-22НР","2026-09-21T22:17:10.134Z"
"/bpla/","Носій ретранслятора","Носій ретранслятору Е-БУН (денний та нічний) від Зграя Індастріз","2026-09-21T22:17:10.134Z"
"/bpla/","Носій ретранслятора","БпЛА «RETRIX DRONE» з АКБ 27500 mAh","2026-09-21T22:17:10.134Z"
"/bpla/","Носій ретранслятора","Азимут 10D","2026-09-21T22:17:10.134Z"
"/bpla/","Носій ретранслятора","БпАК “СПИС”","2026-09-21T22:17:10.134Z"
"/bpla/","Носій ретранслятора","Горинь 17 НР","2026-09-21T22:17:10.134Z"
"/bpla/","Носій ретранслятора","Горинь 13 НР","2026-09-21T22:17:10.134Z"
"/bpla/","Носій ретранслятора","X15 R-CUBE","2026-09-21T22:17:10.134Z"
"/bpla/","Носій ретранслятора","БпЛА “СПИС-2”","2026-09-21T22:17:10.134Z"
"/bpla/","Носій ретранслятора","DONBAS DRON REPEATER","2026-09-21T22:17:10.134Z"
"/bpla/","Носій ретранслятора","FALCON 15 RETR","2026-09-21T22:17:10.134Z"
"/bpla/","Носій ретранслятора","Носій ретранслятора ENDURANCE BRIDGE11""","2026-09-21T22:17:10.134Z"
"/bpla/","Носій ретранслятора","MAC «Link Drone»","2026-09-21T22:17:10.134Z"
"/bpla/","Носій ретранслятора","Nostromo - Ретранслятор","2026-09-21T22:17:10.134Z"
"/bpla/","Носій ретранслятора","Mavka Relay 22''","2026-09-21T22:17:10.134Z"
"/bpla/","Носій ретранслятора","ST.HEXA 10(6)R","2026-09-21T22:17:10.134Z"
"/bpla/","Носій ретранслятора","Носій ретранслятора Роршах 18 (цифровий, денна/термальна, керування до 2,7 ГГц, відео 5,8ГГц)","2026-09-21T22:17:10.134Z"
"/bpla/","Носій ретранслятора","БпАК Носій ретранслятора Роршах 18 (цифровий, денна, керування до 2,7 ГГц, відео 5,8ГГц)","2026-09-21T22:17:10.134Z"
"/bpla/","Носій ретранслятора","Москіто-КМ (денний)","2026-09-21T22:17:10.134Z"
"/bpla/","Носій ретранслятора","Москіто-КМ (нічний)","2026-09-21T22:17:10.134Z"
"/bpla/","Носій ретранслятора","БПАК Saker Scout Виконання С (Ретранслятор Сейкер Скаут)","2026-09-21T22:17:10.134Z"
"/bpla/","Носій ретранслятора","БпАК GUARDA-1, працює в діапазоні 6.0 - 7.125 ГГц, стійкому до існуючих засобів РЕБ","2026-09-21T22:17:10.134Z"
"/bpla/","Носій ретранслятора","Дрон Ретранслятор Чупакабра Репетун - (День Цифровий)","2026-09-21T22:17:10.134Z"
"/bpla/","Носій ретранслятора","БПЛА «ЧУПАКАБРА РЕПЕТУН» зі складу БпАК «ЧУПАКАБРА РЕПЕТУН» (денно-нічна модифікація)","2026-09-21T22:17:10.134Z"
"/bpla/","Носій ретранслятора","WARDOG TRN БПЛА","2026-09-21T22:17:10.206Z"
"/bpla/","Носій ретранслятора","БпЛА КОЛІБРІ 13"" FR1 ЦЦ","2026-09-21T22:17:10.206Z"
"/bpla/","Носій ретранслятора","БпАК КОЛІБРІ 13 FR1 ЦЦ","2026-09-21T22:17:10.206Z"
"/bpla/","Носій ретранслятора","Носій Ретранслятора K4RM4","2026-09-21T22:17:10.206Z"
"/bpla/","Носій ретранслятора","2B-Fly Відлуння","2026-09-21T22:17:10.206Z"
"/bpla/","Носій ретранслятора","БпАК K4RM4 носій ретранслятора день-ніч","2026-09-21T22:17:10.206Z"
"/bpla/","Носій ретранслятора","Платформа-ретранслятор SeaGull","2026-09-21T22:17:10.206Z"
"/bpla/","Носій ретранслятора","МУРАХА, БпЛА","2026-09-21T22:17:10.206Z"
"/bpla/","Носій ретранслятора","МУРАХА, БпАК","2026-09-21T22:17:10.206Z"
"/bpla/","Носій ретранслятора","ПАВУК ДОПХІНА, БПЛА","2026-09-21T22:17:10.206Z"
"/bpla/","Носій ретранслятора","ПАВУК ДОПХІНА нічний, БПЛА","2026-09-21T22:17:10.206Z"
"/bpla/","Носій ретранслятора","МОСКІТО СТ","2026-09-21T22:17:10.206Z"
"/bpla/","Носій ретранслятора","Носій ретранслятору Е-БУН (денний) від Зграя Індастріз","2026-09-21T22:17:10.206Z"
"/bpla/","Носій ретранслятора","БПЛА носій Strix Digital-С","2026-09-21T22:17:10.206Z"
"/bpla/","Носій ретранслятора","Азимут 10DN","2026-09-21T22:17:10.206Z"
"/bpla/","Носій ретранслятора","УД-22НР","2026-09-21T22:17:10.206Z"
"/bpla/","Носій ретранслятора","Носій ретранслятору Е-БУН (денний та нічний) від Зграя Індастріз","2026-09-21T22:17:10.206Z"
"/bpla/","Носій ретранслятора","БпЛА «RETRIX DRONE» з АКБ 27500 mAh","2026-09-21T22:17:10.206Z"
"/bpla/","Носій ретранслятора","Азимут 10D","2026-09-21T22:17:10.206Z"
"/bpla/","Носій ретранслятора","БпАК “СПИС”","2026-09-21T22:17:10.206Z"
"/bpla/","Носій ретранслятора","Горинь 17 НР","2026-09-21T22:17:10.206Z"
"/bpla/","Носій ретранслятора","Горинь 13 НР","2026-09-21T22:17:10.206Z"
"/bpla/","Носій ретранслятора","X15 R-CUBE","2026-09-21T22:17:10.206Z"
"/bpla/","Носій ретранслятора","БпЛА “СПИС-2”","2026-09-21T22:17:10.206Z"
"/bpla/","Носій ретранслятора","DONBAS DRON REPEATER","2026-09-21T22:17:10.206Z"
"/bpla/","Носій ретранслятора","FALCON 15 RETR","2026-09-21T22:17:10.206Z"
"/bpla/","Носій ретранслятора","Носій ретранслятора ENDURANCE BRIDGE11""","2026-09-21T22:17:10.206Z"
"/bpla/","Носій ретранслятора","MAC «Link Drone»","2026-09-21T22:17:10.206Z"
"/bpla/","Носій ретранслятора","Nostromo - Ретранслятор","2026-09-21T22:17:10.206Z"
"/bpla/","Носій ретранслятора","Mavka Relay 22''","2026-09-21T22:17:10.206Z"
"/bpla/","Носій ретранслятора","ST.HEXA 10(6)R","2026-09-21T22:17:10.206Z"
"/bpla/","Носій ретранслятора","Носій ретранслятора Роршах 18 (цифровий, денна/термальна, керування до 2,7 ГГц, відео 5,8ГГц)","2026-09-21T22:17:10.206Z"
"/bpla/","Носій ретранслятора","БпАК Носій ретранслятора Роршах 18 (цифровий, денна, керування до 2,7 ГГц, відео 5,8ГГц)","2026-09-21T22:17:10.206Z"
"/bpla/","Носій ретранслятора","Москіто-КМ (денний)","2026-09-21T22:17:10.206Z"
"/bpla/","Носій ретранслятора","Москіто-КМ (нічний)","2026-09-21T22:17:10.206Z"
"/bpla/","Носій ретранслятора","БПАК Saker Scout Виконання С (Ретранслятор Сейкер Скаут)","2026-09-21T22:17:10.206Z"
"/bpla/","Носій ретранслятора","БпАК GUARDA-1, працює в діапазоні 6.0 - 7.125 ГГц, стійкому до існуючих засобів РЕБ","2026-09-21T22:17:10.206Z"
"/bpla/","Носій ретранслятора","Дрон Ретранслятор Чупакабра Репетун - (День Цифровий)","2026-09-21T22:17:10.206Z"
"/bpla/","Носій ретранслятора","БПЛА «ЧУПАКАБРА РЕПЕТУН» зі складу БпАК «ЧУПАКАБРА РЕПЕТУН» (денно-нічна модифікація)","2026-09-21T22:17:10.206Z"
